id,name,type,category,description,address,suburb,city_town,region,postcode,lat,lon,phone,email,website,social_links,products,practices_tags,certifications,supply_role,notes,source_urls,last_checked
1,ACV Health Products,Farm,Organic certified operator,Certified-organic producer in Rangiora.,"27 Boys Road, Rangiora, Canterbury",,Rangiora,Canterbury,,,,,,,,FRUIT: Apples (Granny Smith),organic,AsureQuality Organic,Producer,,https://www.asurequality.com,
2,Adamson's Apiary,Farm,Organic certified operator,Certified-organic producer in Alexandra.,"151 McPherson Rd, RD 1, Alexandra, Otago",,Alexandra,Otago,,,,,,,,"BEE PRODUCTS: Thyme Honey, Thyme Honey with Polyflora, Clover Honey, Manuka Honey, Kamahi Honey, Multifloral Honey, Beeswax, Pollen Propolis",organic,AsureQuality Organic,Producer,,https://www.asurequality.com,
3,Agape Fields Orchard,Farm,Organic certified operator,Certified-organic producer in Te Puke.,"1133c State Highway 2, RD6, Te Puke, New Zealand",,Te Puke,,,,,,,,,"FRUIT: Avocados, Figs",organic,AsureQuality Organic,Producer,,https://www.asurequality.com,
4,Agincourt Farms,Farm,Organic certified operator,Certified-organic producer in Road Ohaupo.,"74 Bell Road & 1270 Paterangi, Road Ohaupo",,Road Ohaupo,,,,,,,,,"DAIRY: Raw Milk, Live Cattle,; FEED: Pasture, Pasture Based Supplement Feed (Hay, Baleage)",organic,AsureQuality Organic,Producer,,https://www.asurequality.com,
5,Avalon Farming,Farm,Organic certified operator,Certified-organic producer in Heriot..,"Millers Block - 123 Switzers Road & 379 Dunrobin Road, Heriot.  Deepdell, Heriot.",,Heriot.,,,,,,,,,"BEEF: Live Cattle; SHEEP: Sheep, Lamb, Wool; FEED: Pasture Based Supplement Feed (Hay and/or Baleage, Silage)",organic,AsureQuality Organic,Producer,,https://www.asurequality.com,
6,Biofarm Products,Farm,Organic certified operator,Certified-organic producer in Palmerston North.,"118 Te Matai Road, Palmerston North",,Palmerston North,,,,,,,,,"DAIRY: Raw Milk, Live Cattle;; BEEF: Live Cattle;; GOATS;; SHEEP: Sheep & Lambs FEED: Pasture & Pasture based Supplement feed (Hay, Silage & Baleage)",organic,AsureQuality Organic,Producer,,https://www.asurequality.com,
7,Bostock Bros,Farm,Organic certified operator,Certified-organic producer in Hastings.,"83 Raukawa Road and 284 Ngatarawa Road, Hastings",,Hastings,,,,,,,,,POULTRY: Meat Chickens,organic,AsureQuality Organic,Producer,,https://www.asurequality.com,
8,BB Agriculture,Farm,Organic certified operator,Certified-organic producer in Haumoana.,"263 Clifton Road, Haumoana (475A Clifton Stn)",,Haumoana,,,,,,,,,GRAIN: Maize,organic,AsureQuality Organic,Producer,,https://www.asurequality.com,
9,BTK Poultry,Farm,Organic certified operator,Certified-organic producer in Himitangi.,"372 Rangiotu Road, Bainessee; 593 Himitangi Beach Road, Himitangi",,Himitangi,,,,,,,,,"POULTRY: Eggs, Chicken Manure",organic,AsureQuality Organic,Producer,,https://www.asurequality.com,
10,Charnwood Trust,Farm,Organic certified operator,Certified-organic producer in Palmerston North.,"973 Fitzherbert East Road, Palmerston North",,Palmerston North,,,,,,,,,"DAIRY: Raw Milk, Live Cattle,; BEEF: Live Cattle, NOP Animals for Meat,; FEED: Pasture Based Supplement Feed (Hay, Baleage)",organic,AsureQuality Organic,Producer,,https://www.asurequality.com,
11,Cheops Feijoas,Farm,Organic certified operator,Certified-organic producer in Hastings.,"43 Paraire Rd, RD 2, Hastings",,Hastings,,,,,,,,,FRUIT: Feijoas,organic,AsureQuality Organic,Producer,,https://www.asurequality.com,
12,CK & SM Dyer,Farm,Organic certified operator,Certified-organic producer in Wyndham.,"187 Wyndham Letterbox Rd, RD, Wyndham",,Wyndham,,,,,,,,,"BEEF: Live Cattle; SHEEP: Sheep, Lamb, Wool; FEED: Pasture Based Supplement Feed (Baleage, Hay, Silage), ; GRAZING: Dairy Cattle; GRAIN: Barley and Barley Straw",organic,AsureQuality Organic,Producer,,https://www.asurequality.com,
13,Crompton Dairies,Farm,Organic certified operator,Certified-organic producer in Patea.,"56 Crompton Road & 80 Whakamara Road, Patea",,Patea,,,,,,,,,"DAIRY: Raw Milk, Live Cattle; FEED: Pasture Based Supplement feed (Hay & Baleage)",organic,AsureQuality Organic,Producer,,https://www.asurequality.com,
14,Cumming & Co,Farm,Organic certified operator,Certified-organic producer in 165 Ormond Road &.,165 Ormond Road &,,165 Ormond Road &,,,,,,,,,"DAIRY: Raw Milk, Live Cattle ; BEEF: Live Cattle, NOP Animals for Meat; FEED: Pasture Based Supplement Feed",organic,AsureQuality Organic,Producer,,https://www.asurequality.com,
15,Daryl Julie Thomas Family Trust,Farm,Organic certified operator,Certified-organic producer in Mossburn.,"100 West Dome Station Road, Mossburn",,Mossburn,,,,,,,,,"GRAZING: Dairy ; FEED: Pasture Based Supplement Feed (Hay, Baleage)",organic,AsureQuality Organic,Producer,,https://www.asurequality.com,
16,E.E.C.,Farm,Organic certified operator,Certified-organic producer in Stewart Island.,"Bivalve Molluscan Shellfish Marine Farms, Area 1901, Big Glory Bay, Stewart Island",,Stewart Island,,,,,,,,,MOLLUSCS: Green Shell Mussel (Perna Canliculus),organic,AsureQuality Organic,Producer,,https://www.asurequality.com,
17,Estate of TT & WNT Winiata,Farm,Organic certified operator,Certified-organic producer in Rotorua.,"61 Barber Road, Kapenga, Rotorua",,Rotorua,,,,,,,,,BEEF: Live Cattle; GRAZING: Dairy Heifer; FEED: Pasture Based Supplement Feed,organic,AsureQuality Organic,Producer,,https://www.asurequality.com,
18,Farrand Farms,Farm,Organic certified operator,Certified-organic producer in Dargaville.,"132, 516 and 1147 Hoanga Rd, RD4, Dargaville",,Dargaville,,,,,,,,,"DAIRY: Raw Milk, Live Cattle; BEEF: Live Cattle; FEED: Pasture Based Supplement Feed (Hay, Baleage)",organic,AsureQuality Organic,Producer,,https://www.asurequality.com,
19,Ferndale Properties,Farm,Organic certified operator,Certified-organic producer in Fielding.,"425 Halcombe Road, RD 11, Fielding",,Fielding,,,,,,,,,"GRAZING: Dairy heifers, ; FEED: Pasture, Pasture Based Supplement Feed (Hay, Baleage, Wheat) ; GRAIN: Wheat",organic,AsureQuality Organic,Producer,,https://www.asurequality.com,
20,Flip Farm (IG Fyfe),Farm,Organic certified operator,Certified-organic producer in Wanaka.,"193 Maungawera Valley  Road, Wanaka",,Wanaka,,,,,,,,,"BEEF: Live Cattle; SHEEP: Sheep, Lambs, Wool",organic,AsureQuality Organic,Producer,,https://www.asurequality.com,
21,"Flipp, WA & AT",Farm,Organic certified operator,Certified-organic producer in Foxton.,"116 Omanuka Rd, RD11, Foxton",,Foxton,,,,,,,,,"DAIRY: Raw Milk, Live Cattle; FEED: Pasture Based Supplement Feed (Hay, Baleage)",organic,AsureQuality Organic,Producer,,https://www.asurequality.com,
22,Franski Farms,Farm,Organic certified operator,Certified-organic producer in Te Awamutu.,"308 Te Kawa Road and 289 Te Kawa Road, Te Awamutu",,Te Awamutu,,,,,,,,,"DAIRY: Raw Milk, Live Cattle ; FEED: Pasture Based Supplement Feed (Hay, Baleage, Silage, Maize); BEEF: Live Cattle, NOP Animals for Meat",organic,AsureQuality Organic,Producer,,https://www.asurequality.com,
23,Frei Dairy,Farm,Organic certified operator,Certified-organic producer in Riversdale.,"634 McAlister Road, Riversdale;",,Riversdale,,,,,,,,,"DAIRY: Raw Milk, Live Cattle; FEED: Pasture Based Supplement Feed (Hay, Baleage, Silage)",organic,AsureQuality Organic,Producer,,https://www.asurequality.com,
24,G&P Regenerative Farms,Farm,Organic certified operator,Certified-organic producer in Leeston.,"340 Brookside and Irwell Road, Leeston, Canterbury",,Leeston,Canterbury,,,,,,,,"VEGETABLES: Aubergine, Basil, Beetroot, Golden Beetroot, Chioggoia Beetroot, Baby Beetroot, Broccoli, Beans - Green Beans, Broad Beans, Yellow Beans, Brussel Sp",organic,AsureQuality Organic,Producer,,https://www.asurequality.com,
25,Garden Fresh Organics,Farm,Organic certified operator,Certified-organic producer in Waiuku.,"62 Pokorua Rd, Waiuku",,Waiuku,,,,,,,,,"VEGETABLES: Salad Greens, Herbs; FEED: Pasture Based Supplement Feed (Hay, Baleage); FRUIT: Feijoa, Avaocado",organic,AsureQuality Organic,Producer,,https://www.asurequality.com,
26,Gold Top,Farm,Organic certified operator,Certified-organic producer in Waipu.,"30-128 Durham Road, Waipu",,Waipu,,,,,,,,,"DAIRY: Raw Milk, Live Cattle; FEED: Pasture Based Supplement Feed (Baleage, Hay)",organic,AsureQuality Organic,Producer,,https://www.asurequality.com,
27,Good Farms Dairy,Farm,Organic certified operator,Certified-organic producer in Maungaturoto.,"Dairy: 1265 State Highway 12, Maungaturoto",,Maungaturoto,,,,,,,,,"DAIRY: Raw Milk, Live Cattle; FEED: Pasture and Pasture Based Supplement Feed (Hay, Baleage, Silage)",organic,AsureQuality Organic,Producer,,https://www.asurequality.com,
28,Harkaway Trust,Farm,Organic certified operator,Certified-organic producer in Wanganui.,"247 Nukumaru Station Road, Waitotara, Wanganui",,Wanganui,,,,,,,,,"DAIRY: RAW Milk, Live Cattle ; BEEF: Live Cattle ; FEED: Pasture Based Supplement Feed (Hay, Baleage & Silage)",organic,AsureQuality Organic,Producer,,https://www.asurequality.com,
29,Hartwood Farms,Farm,Organic certified operator,Certified-organic producer in Tokoroa.,"5490 State Highway 1 South, RD1, Tokoroa",,Tokoroa,,,,,,,,,FEED: Pasture and Pasture Based Supplement Feed,organic,AsureQuality Organic,Producer,,https://www.asurequality.com,
30,Heathstock Apiaries,Farm,Organic certified operator,Certified-organic producer in North Canterbury.,"675 Broxton Road, Hawarden, North Canterbury, NZ",,North Canterbury,,,,,,,,,"BEE PRODUCTS: Liquid Honey - Manuka Honey (Mono and Multi Floral) Forest Honey Dew, clover Honey, Comb Honey and Beeswax, Bee Hives, Live Bees, Propolis.",organic,AsureQuality Organic,Producer,,https://www.asurequality.com,
31,Hinterland Food,Farm,Organic certified operator,Certified-organic producer in Taihape.,"612 Pukeokahu Road, RD3, Taihape",,Taihape,,,,,,,,,BEE PRODUCTS: Manuka Honey (Mono and Multi Floral),organic,AsureQuality Organic,Producer,,https://www.asurequality.com,
32,Hukarere Trading Company,Farm,Organic certified operator,Certified-organic producer in West Otago.,"91, 869 & 919 Hukarere Station Rd, Tapanui, West Otago",,West Otago,,,,,,,,,"BEEF: Live Cattle; SHEEP: Sheep, Wool; FEED: Pasture Based Supplement Feed (Hay, Baleage, Silage)",organic,AsureQuality Organic,Producer,,https://www.asurequality.com,
33,Jem Norsewood,Farm,Organic certified operator,Certified-organic producer in Norsewood & 158 Arthurs Road Norsewood.,"75450 SH2, RD 11, Norsewood & 158 Arthurs Road Norsewood",,Norsewood & 158 Arthurs Road Norsewood,,,,,,,,,"DAIRY: Raw Milk, Live Cattle; BEEF: Live Cattle ; FEED: Pasture Based Supplement Feed (Hay, Baleage, & Maize)",organic,AsureQuality Organic,Producer,,https://www.asurequality.com,
34,Jem Norsewood Ltd - Mulholland Farm,Farm,Organic certified operator,Certified-organic producer in Norsewood.,"75451 SH2, RD 11, Norsewood",,Norsewood,,,,,,,,,"DAIRY: Raw Milk, Live Cattle; BEEF: Live Cattle ; FEED: Pasture Based Supplement Feed (Hay, Baleage, & Maize)",organic,AsureQuality Organic,Producer,,https://www.asurequality.com,
35,JW & HS Robinson,Farm,Organic certified operator,Certified-organic producer in 163 Kellow Road (Block2) Palmerston North.,"562 Rongotea Road; 400 Waitohi Road; 57 Duncan Road (Block 1), ( Block 2)  163 Kellow Road (Block1) Palmerston North, 163 Kellow Road (Block2) Palmerston North",,163 Kellow Road (Block2) Palmerston North,,,,,,,,,"DAIRY: Raw Milk, Live Cattle; BEEF: Live Cattle; FEED: Pasture Based Supplement Feed (Hay & Baleage)",organic,AsureQuality Organic,Producer,,https://www.asurequality.com,
36,K & C Steiner,Farm,Organic certified operator,Certified-organic producer in Galatea.,"333 Jolly Road, Galatea",,Galatea,,,,,,,,,"DAIRY: Raw Milk, Live Cattle, NOP Animals for Meat; BEEF: Live Cattle; FEED: Pasture Based Supplement Feed (Hay and Baleage)",organic,AsureQuality Organic,Producer,,https://www.asurequality.com,
37,K M Organics,Farm,Organic certified operator,Certified-organic producer in Matamata.,"280 Taihoa North Road, Matamata",,Matamata,,,,,,,,,GRAZING: Dairy; FEED: Pasture Based Supplement Feed (Hay & Baleage),organic,AsureQuality Organic,Producer,,https://www.asurequality.com,
38,Karaka Organic Dairy,Farm,Organic certified operator,Certified-organic producer in Papakura.,"1016 Linwood Road, Karaka, Papakura",,Papakura,,,,,,,,,"DAIRY: Raw Milk, Live Cattle; BEEF: Live Cattle, NOP Animals for Meat; FEED: Pasture Based Supplement Feed (Hay, Baleage & Maize)",organic,AsureQuality Organic,Producer,,https://www.asurequality.com,
39,Killarney Farms,Farm,Organic certified operator,Certified-organic producer in Bulls.,"466 Raumai Road, Bulls",,Bulls,,,,,,,,,"DAIRY: Raw Milk, Live Cattle, NOP animals for meat; FEED: Pasture, Pasture Based Supplement Feed (Hay & Baleage)",organic,AsureQuality Organic,Producer,,https://www.asurequality.com,
40,Kilmun Trust,Farm,Organic certified operator,Certified-organic producer in Wyndham.,"265 Island Edendale Road, RD1, Wyndham",,Wyndham,,,,,,,,,"FEED: Pasture & Pasture based Supplement feed (Hay, Silage & Baleage)",organic,AsureQuality Organic,Producer,,https://www.asurequality.com,
41,Kowhai Bush Land Company,Farm,Organic certified operator,Certified-organic producer in Kowhai Bush Land Company Ltd.,"Kowhai Bush Land Company Ltd,",,Kowhai Bush Land Company Ltd,,,,,,,,,"DAIRY: Raw Milk & Live Cattle, NOP Animals for Meat; FEED: Pasture and Pasture Based Supplement Feed (Hay and Baleage)",organic,AsureQuality Organic,Producer,,https://www.asurequality.com,
42,Lactica,Farm,Organic certified operator,Certified-organic producer in Wanganui.,"1765 State Highway 3, Maxwell, RD4, Wanganui; Bushy Park Road, Kaiiwi, Wanganui",,Wanganui,,,,,,,,,"DAIRY: Raw Milk, Live Cattle; FEED: Pasture Based Supplement Feed (Hay & Baleage)",organic,AsureQuality Organic,Producer,,https://www.asurequality.com,
43,Lammermoor Partnership,Farm,Organic certified operator,Certified-organic producer in Waipiata.,"O'Neill Road, Waipiata, Central Otago",,Waipiata,Central Otago,,,,,,,,"BEEF: Cattle ; SHEEP: Sheep, Lamb, Wool ; FEED: Pasture Based Supplement Feed (Silage, Baleage, Hay, Lucerne) GRAZING: Dairy Heifers",organic,AsureQuality Organic,Producer,,https://www.asurequality.com,
44,Lammermoor Station,Farm,Organic certified operator,Certified-organic producer in Ranfurly.,"1321 Upper Taieri Road, Serpentine,  Paerau, Ranfurly",,Ranfurly,,,,,,,,,"BEEF: Cattle ; SHEEP: Sheep, Lamb, Wool ; FEED: Pasture Based Supplement Feed (Silage, Baleage, Hay, Lucerne)",organic,AsureQuality Organic,Producer,,https://www.asurequality.com,
45,Landcorp Farming Ltd - Aoraki,Farm,Organic certified operator,Certified-organic producer in Moutoa.,"Vickerman Road, Moutoa",,Moutoa,,,,,,,,,"DAIRY: Raw Milk, Live Cattle, NOP Animals for Meat; FEED: Pasture Based Supplement Feed (Hay, Silage & Baleage)",organic,AsureQuality Organic,Producer,,https://www.asurequality.com,
46,Landcorp Farming Ltd - Aspiring Farm,Farm,Organic certified operator,Certified-organic producer in Foxton.,"Aspiring Organic Dairy Unit, 583 Whirokino Road, Foxton, New Zealand",,Foxton,,,,,,,,,"FEED: Pasture Based Supplement Feed (Hay, Baleage and Maize Silage)",organic,AsureQuality Organic,Producer,,https://www.asurequality.com,
47,Landcorp Farming Ltd - Broadlands,Farm,Organic certified operator,Certified-organic producer in Reporoa.,"2301 Broadlands Road, RD1, Reporoa, New Zealand",,Reporoa,,,,,,,,,"DAIRY: Raw Milk, Live Cattle, NOP Animals for Meat; FEED: Pasture Based Supplement Feed (Hay, Silage & Baleage); Kibbling and Storage of Organic Maize for Landc",organic,AsureQuality Organic,Producer,,https://www.asurequality.com,
48,Landcorp Farming Ltd - Burgess,Farm,Organic certified operator,Certified-organic producer in Reporoa.,"1046 Broadlands Road, RD1, Reporoa",,Reporoa,,,,,,,,,"DAIRY: Raw Milk, Live Cattle, NOP Animal for Meat; FEED: Pasture Based Supplement Feed (Hay, Silage & Baleage)",organic,AsureQuality Organic,Producer,,https://www.asurequality.com,
49,Landcorp Farming Ltd - Earnslaw Farm,Farm,Organic certified operator,Certified-organic producer in Reporoa.,"1301 Broadlands Road, RD1, Reporoa",,Reporoa,,,,,,,,,"DAIRY: Raw Milk & Live Cattle, NOP Animals for Meat; FEED: Pasture Based Supplement Feed (Hay, Silage & Baleage)",organic,AsureQuality Organic,Producer,,https://www.asurequality.com,
50,Landcorp Farming Ltd - Egmont Farm,Farm,Organic certified operator,Certified-organic producer in Foxton.,"Egmont Organic Dairy Unit, 120 Vickerman Road, Foxton, New Zealand",,Foxton,,,,,,,,,"DAIRY: Raw Milk, Live Cattle FEED: Pasture Based Supplement Feed (Hay, Baleage and Maize Silage)",organic,AsureQuality Organic,Producer,,https://www.asurequality.com,
51,Landcorp Farming Ltd - Mayflower,Farm,Organic certified operator,Certified-organic producer in Reporoa.,"1046 Broadlands Road, RD1, Reporoa",,Reporoa,,,,,,,,,"Raw milk, Live cattle (Dairy), NOP Animals for Meat; Pasture & Pasture Based Supplement Feed (Hay, Silage & Baleage)",organic,AsureQuality Organic,Producer,,https://www.asurequality.com,
52,Landcorp Farming Ltd - Pastoral Organic Dairy Support Blocks,Farm,Organic certified operator,Certified-organic producer in Taupo.,"Pastoral Organic Dairy Support Blocks (Duke, Pueto, Melbourne, and The Strip), 1109 Off Road Highway, Tauhara Forest, Taupo",,Taupo,,,,,,,,,"GRAZING: Dairy Cattle and Beef, NOP Animals for Meat; FEED: Pasture, Pasture Based Supplement Feed (Hay, Silage & Baleage)",organic,AsureQuality Organic,Producer,,https://www.asurequality.com,
53,Landcorp Farming Ltd - Ruapehu Farm,Farm,Organic certified operator,Certified-organic producer in Foxton.,"Ruapehu Organic Dairy Unit, 275 Whirokino Road, Foxton, New Zealand",,Foxton,,,,,,,,,"FEED: Pasture Based Supplement Feed (Hay, Baleage and Silage)",organic,AsureQuality Organic,Producer,,https://www.asurequality.com,
54,Landcorp Farming Ltd - Short Road,Farm,Organic certified operator,Certified-organic producer in Halcome.,"294 Short Road, Halcome",,Halcome,,,,,,,,,"Grazing: Dairy Cattle, Sheep and Beef FEED: Pasture, Pasture Based Supplement Feed (Hay, Silage & Baleage)",organic,AsureQuality Organic,Producer,,https://www.asurequality.com,
55,Landcorp Farming Ltd - Tasman Farm,Farm,Organic certified operator,Certified-organic producer in Foxton.,"Tasman Organic Dairy Unit, 342 Springs Road, Foxton",,Foxton,,,,,,,,,"DAIRY: Raw Milk, Live Cattle; BEEF: Live Cattle, NOP Animals for Meat; FEED: Pasture Based Supplement Feed (Hay, Baleage and Maize Silage)",organic,AsureQuality Organic,Producer,,https://www.asurequality.com,
56,Landcorp Farming Ltd - Tongariro Farm,Farm,Organic certified operator,Certified-organic producer in Foxton.,"Tongariro  Organic Dairy Unit, 338 Whirokino Road, Foxton, New Zealand",,Foxton,,,,,,,,,"FEED: Pasture Based Supplement Feed (Hay, Baleage and Silage)",organic,AsureQuality Organic,Producer,,https://www.asurequality.com,
57,Landcorp Farming Ltd - Tutoko Dairy Unit,Farm,Organic certified operator,Certified-organic producer in Foxton.,"587 Kerekere Road, Foxton",,Foxton,,,,,,,,,"DAIRY: Raw Milk, Live Cattle, NOP Animals for Meat; FEED: Pasture Based Supplement Feed (Hay, Baleage & Silage)",organic,AsureQuality Organic,Producer,,https://www.asurequality.com,
58,Linton Park Farm,Farm,Organic certified operator,Certified-organic producer in Maungaturoto.,"121 Linton Road & 56 Massey Road, Marohemo, Maungaturoto",,Maungaturoto,,,,,,,,,"DAIRY: Raw Milk. FEED: Pasture, Pasture Based Supplement Feed (Baleage, Hay, Silage)",organic,AsureQuality Organic,Producer,,https://www.asurequality.com,
59,Macadamia Holdings NZ,Farm,Organic certified operator,Certified-organic producer in Swanson.,"23B Te Henga Road, Swanson, Auckland",,Swanson,Auckland,,,,,,,,NUTS: Macadamia Nuts,organic,AsureQuality Organic,Producer,,https://www.asurequality.com,
60,Magnolia Dairy,Farm,Organic certified operator,Certified-organic producer in Silverdale.,"1139 Weranui Rd & 437 Monowai Rd, RD1, Silverdale",,Silverdale,,,,,,,,,"DAIRY: Raw Milk, Live Cattle; BEEF: Live Cattle, NOP Animals for Meat; FEED: Pasture Based Supplement Feed (Hay & Baleage)",organic,AsureQuality Organic,Producer,,https://www.asurequality.com,
61,Marphona Farms,Farm,Organic certified operator,Certified-organic producer in Pokeno.,"206, 235, 351 & 420 Bell Road, Pokeno",,Pokeno,,,,,,,,,"DAIRY: Raw Milk, Live Cattle; BEEF: Live Cattle; FEED: Pasture Based Supplement Feed (Hay, Baleage & Silage)",organic,AsureQuality Organic,Producer,,https://www.asurequality.com,
62,MAXX Marketing Consultants Ltd: Maxx Organics,Farm,Organic certified operator,Certified-organic producer in Golden Bay.,"306 Pomona Road, Ruby Bay & Canaan Road, Takaka, Golden Bay",,Golden Bay,,,,,,,,,"BEE PRODUCTS: ; ; Honey (Multi and Mono-Floral): Mānuka, Honey Dew, Comb Honey ; ; Wax, Propolis, Pollen, Bee Venom, Royal Jelly",organic,AsureQuality Organic,Producer,,https://www.asurequality.com,
63,McKie Family Trust,Farm,Organic certified operator,Certified-organic producer in Opunake.,"575 Kina Road, Opunake,Taranaki",,Opunake,Taranaki,,,,,,,,"DAIRY: Raw Milk, Live Cattle; BEEF: Live Cattle, NOP Animals for Meat; FEED: Pasture Based Supplement Feed (Hay & Baleage)",organic,AsureQuality Organic,Producer,,https://www.asurequality.com,
64,Meadowsweet Ltd/ Goldenfields,Farm,Organic certified operator,Certified-organic producer in Christchurch.,"363 Weedons Road, Lincoln, Christchurch",,Christchurch,,,,,,,,,"VEGETABLES: Herbs - Agrimonia , Angelica archangelica, Artemisia annua, Artichoke, Ashwagandha, Astragalus, Baikal Scullcap, Broad Bean, Burdock, Calendula, Cat",organic,AsureQuality Organic,Producer,,https://www.asurequality.com,
65,Melita Honey,Farm,Organic certified operator,Certified-organic producer in Hastings.,"Office and Extraction/Storage Premises: 1030 Manchester Street, Woolwich, Hastings",,Hastings,,,,,,,,,"BEE PRODUCTS: Manuka Honey, Beeswax, Pollen & Propolis",organic,AsureQuality Organic,Producer,,https://www.asurequality.com,
66,Mexican Blackbird,Farm,Organic certified operator,Certified-organic producer in 644 Back Miranda Rd.,644 Back Miranda Rd;,,644 Back Miranda Rd,,,,,,,,,"DAIRY: Raw Milk, Live Cattle ; BEEF: Live Cattle, NOP Animals for Meat; FEED: Pasture Based Supplement Feed (Hay & Baleage)",organic,AsureQuality Organic,Producer,,https://www.asurequality.com,
67,Milkoad,Farm,Organic certified operator,Certified-organic producer in Waverley.,"30 Putahi Road, RD 1 Patea & Highfield Road, RD 1 Waverley",,Waverley,,,,,,,,,"DAIRY: Raw Milk, Live Cattle,; FEED: Pasture, Pasture Based Supplement Feed (Hay, Baleage)",organic,AsureQuality Organic,Producer,,https://www.asurequality.com,
68,Moturunga,Farm,Organic certified operator,Certified-organic producer in Waitotara.,"Nukumaru Station Road RD17, Waitotara",,Waitotara,,,,,,,,,"DAIRY: Raw Milk, Live Cattle; BEEF: Live Cattle, NOP Animals for Meat; FEED: Pasture Based Supplement Feed (Hay & Baleage)",organic,AsureQuality Organic,Producer,,https://www.asurequality.com,
69,Moxham Milk,Farm,Organic certified operator,Certified-organic producer in Levin.,"53 Otawhiwhi Rd and 62 and 196 Piaka Rd, RD 5, Levin",,Levin,,,,,,,,,"DAIRY: Raw Milk, Live Cattle; BEEF: Live Cattle, NOP Animals for Meat; FEED: Pasture Based Supplement Feed (Hay & Baleage)",organic,AsureQuality Organic,Producer,,https://www.asurequality.com,
70,MS Crawford,Farm,Organic certified operator,Certified-organic producer in Tangiteroria 0381.,"1116 Girls High School Road and 1896 Omana Road, RD 1, Tangiteroria 0381",,Tangiteroria 0381,,,,,,,,,"DAIRY: Raw Milk, Live Cattle, ; BEEF: Live Cattle, NOP Animals for Meat, ; FEED: Pasture Based Supplement Feed (Hay, Baleage)",organic,AsureQuality Organic,Producer,,https://www.asurequality.com,
71,Mt Cosy Organics,Farm,Organic certified operator,Certified-organic producer in Otorohanga.,"65 Old Te Kuiti Road, Otorohanga;",,Otorohanga,,,,,,,,,"DAIRY: Raw Milk, Live Cattle; FEED: Pasture Based Supplement Feed (Hay & Baleage)",organic,AsureQuality Organic,Producer,,https://www.asurequality.com,
72,Neill Island Farms,Farm,Organic certified operator,Certified-organic producer in Matakana Island.,"104 Tirohanga Road, Matakana Island",,Matakana Island,,,,,,,,,"FRUIT: Avocados (Hass, Reed and Fuerte)",organic,AsureQuality Organic,Producer,,https://www.asurequality.com,
73,NJ & LM Williams,Farm,Organic certified operator,Certified-organic producer in Cambridge.,"1549 Maungatautari Road, RD 2, Cambridge",,Cambridge,,,,,,,,,"DAIRY: Raw Milk, Live Cattle; BEEF: Live Cattle; FEED: Pasture Based Supplement Feed (Hay & Baleage)",organic,AsureQuality Organic,Producer,,https://www.asurequality.com,
74,OOB Foods LP Trading as OOB Organic,Farm,Organic certified operator,Certified-organic producer in Omaha.,"89 Jones Road, Omaha",,Omaha,,,,,,,,,FRUIT: Blueberries,organic,AsureQuality Organic,Producer,,https://www.asurequality.com,
75,P & C Van Miltenburg Farms,Farm,Organic certified operator,Certified-organic producer in Otautau.,"Dairy Farm (supplier #13320) - 813 Wreys Bush-Mossburn Road, RD 1, Otautau",,Otautau,,,,,,,,,"DAIRY: Raw Milk, Live Cattle; BEEF: Live Cattle; FEED: Pasture Based Supplement feed (Hay & Baleage)",organic,AsureQuality Organic,Producer,,https://www.asurequality.com,
76,Pakaututu Trading,Farm,Organic certified operator,Certified-organic producer in Napier.,"1211 Pakaututu Road, RD4, Napier",,Napier,,,,,,,,,"BEEF: Live Cattle; SHEEP; FEED: Pasture Based Supplement Feed (Hay or Silage); GRAIN: Milling Oats, Rye",organic,AsureQuality Organic,Producer,,https://www.asurequality.com,
77,Pakihi Marine Farms,Farm,Organic certified operator,Certified-organic producer in Clevedon.,"148 (Growing Area 502) Kauri Bay, Clevedon;",,Clevedon,,,,,,,,,MOLLUSCS: Oysters (Crassostrea gigas) and Wild Spat,organic,AsureQuality Organic,Producer,,https://www.asurequality.com,
78,Pathways Health,Farm,Organic certified operator,Certified-organic producer in Papakura.,"140 Hamlin Road, Ardmore, Papakura, Auckland",,Papakura,Auckland,,,,,,,,"VEGETABLES: Aubergine, Beans, Beetroot, Broad Beans, Broccoli, Cabbage, Capsicum, Carrots, Cauliflower, Celeriac, Celery, Chillies, Choy Sum, Collard Greens, Co",organic,AsureQuality Organic,Producer,,https://www.asurequality.com,
79,Priorfarm,Farm,Organic certified operator,Certified-organic producer in Okato.,"1297 Richmond Rd, RD9, Inglewood & 695 Pitone Road, Okato",,Okato,,,,,,,,,"DAIRY: Raw Milk, Live Cattle; FEED: Pasure Based & Supplements",organic,AsureQuality Organic,Producer,,https://www.asurequality.com,
80,RD Beattie,Farm,Organic certified operator,Certified-organic producer in Kowhai Vale Farm & Akaroa Harbour.,"65 Early Valley Road, Christchurch, Kowhai Vale Farm & Akaroa Harbour (Harvest Quota Area KBB3G)",,Kowhai Vale Farm & Akaroa Harbour,,,,,,,,,"SEAWEED: Giant Kelp (Macrocystis pyrifera), Waikame Kelp (Undaria pinnatifida)",organic,AsureQuality Organic,Producer,,https://www.asurequality.com,
81,River Point Farm,Farm,Organic certified operator,Certified-organic producer in Carterton.,"476 Waihakeke Road, Carterton, New Zealand",,Carterton,,,,,,,,,"DAIRY: Raw Milk ; FEED: Pasture Based Supplement Feed (Hay, Baleage and Silage)",organic,AsureQuality Organic,Producer,,https://www.asurequality.com,
82,RJ & JJ Ridings,Farm,Organic certified operator,Certified-organic producer in Paeroa.,"15 Ridings Rd, RD 1,Paeroa",,Paeroa,,,,,,,,,"DAIRY: Raw Milk, Live Cattle; BEEF: Live Cattle, NOP Animals for Meat; FEED: Pasture Based Supplement Feed (Hay, Baleage & Silage)",organic,AsureQuality Organic,Producer,,https://www.asurequality.com,
83,R & M Steiner,Farm,Organic certified operator,Certified-organic producer in Galatea.,"150 Mangamate Road & 145 Jolly Road, Galatea",,Galatea,,,,,,,,,"FEED: Pasture, Pasture based supplement feed (Baleage, Hay and Silage); DAIRY: Raw Milk, Live Cattle",organic,AsureQuality Organic,Producer,,https://www.asurequality.com,
84,Roselea Farm,Farm,Organic certified operator,Certified-organic producer in Carterton.,"127 Dorset Rd, Carterton",,Carterton,,,,,,,,,"DAIRY: Raw Milk, Live Cattle; BEEF: Live Cattle; FEED: Pasture Based Supplement Feed (Hay & Baleage)",organic,AsureQuality Organic,Producer,,https://www.asurequality.com,
85,RWP Trust,Farm,Organic certified operator,Certified-organic producer in Okato.,"2362 Wiremu Road, Okato, Taranaki,",,Okato,Taranaki,,,,,,,,"DAIRY: Raw Milk, Live Cattle; BEEF: Live Cattle, NOP Animals for Meat ; FEED: Pasture Based Supplements",organic,AsureQuality Organic,Producer,,https://www.asurequality.com,
86,Sentry Hill Partnership,Farm,Organic certified operator,Certified-organic producer in Takapau.,"465 Mararetu Road, Takapau",,Takapau,,,,,,,,,SHEEP,organic,AsureQuality Organic,Producer,,https://www.asurequality.com,
87,Shalomdale,Farm,Organic certified operator,Certified-organic producer in Hamilton.,"160 Marshmeadow Road, Newstead, Hamilton",,Hamilton,,,,,,,,,"GRAINS: Popcorn, Maize; FEED: Pasture Based Supplement Feed (Hay, Silage, Baleage), Maize",organic,AsureQuality Organic,Producer,,https://www.asurequality.com,
88,Sheehy Scott Family Trust,Farm,Organic certified operator,Certified-organic producer in Otorohanga.,"121 Austin Road, Otorohanga; Runoff: 829 Honikiwi Road, Otorohanga",,Otorohanga,,,,,,,,,"DAIRY: Raw Milk, Live Cattle; BEEF: Live Cattle; FEED: Pasture, Pasture Based Supplement Feed (Lucerne Hay & Baleage)",organic,AsureQuality Organic,Producer,,https://www.asurequality.com,
89,Shelly Beach Organics,Farm,Organic certified operator,Certified-organic producer in Helensville.,"149 Shelly Beach Road, RD 1, Helensville",,Helensville,,,,,,,,,FEED: Pasture Based Supplement Feed (Hay and Baleage),organic,AsureQuality Organic,Producer,,https://www.asurequality.com,
90,Shortland Farm Ltd Partnership,Farm,Organic certified operator,Certified-organic producer in Opunake.,"32 Young Road & 5218 South Road, RD32, Opunake",,Opunake,,,,,,,,,"DAIRY: Raw Milk, NOP Animals for Meat, Live Cattle; FEED: Pasture Based Supplement Feed (Hay, Baleage)",organic,AsureQuality Organic,Producer,,https://www.asurequality.com,
91,Southern Cross Produce,Farm,Organic certified operator,Certified-organic producer in Invercargill.,"Office and Factory: 259 Grove Bush Woodlands Road, RD2 Invercargill;",,Invercargill,,,,,,,,,"VEGETABLES: Beetroot, Broccoli, Brussel Sprouts, Carrots, Cauliflower, Garlic, Leeks, Onions, Parsnips, Potatoes, Pumpkin, Soya Bean, Spring Onions, Yams.",organic,AsureQuality Organic,Producer,,https://www.asurequality.com,
92,Spring Collective Ltd trading as Streamside Organics,Farm,Organic certified operator,Certified-organic producer in Leeston.,"290, 338, 366 Brookside and Irwell Road, Leeston, Canterbury",,Leeston,Canterbury,,,,,,,,"VEGETABLES: Asparagus, Beetroot, Golden Beetroot, Chioggoia Beetroot, Baby Beetroot, Broccoli, Basil, Green Beans, Broad Beans, Carrots, Rainbow Carrots, Baby C",organic,AsureQuality Organic,Producer,,https://www.asurequality.com,
93,Sproull Farms,Farm,Organic certified operator,Certified-organic producer in Opawe Road and Ashhurst Domain - Pamerston North.,"1158 & 1173 Fitzherbert East Rd, Palmerston North: Runoffs: Centre Road, Opawe Road and Ashhurst Domain - Pamerston North",,Opawe Road and Ashhurst Domain - Pamerston North,,,,,,,,,"DAIRY: Raw Milk, Live Cattle; FEED: Pasture Based Supplement Feed (Silage, Hay & Baleage)",organic,AsureQuality Organic,Producer,,https://www.asurequality.com,
94,SR & KLM Vincent,Farm,Organic certified operator,Certified-organic producer in Dargaville.,"6109 SH12, RD4, Dargaville, New Zealand",,Dargaville,,,,,,,,,"VEGETABLES: Basil, Beans, Beetroot, Brocoli, Butternut, Cabbage, Capsicum, Cauliflower, Cougettes, Cucumber (Telegraph), Eggplant, Kale, Kumara, Leeks, Lettuce",organic,AsureQuality Organic,Producer,,https://www.asurequality.com,
95,Stephen & Sarah Tait-Jamieson,Farm,Organic certified operator,Certified-organic producer in Central Hawkes Bay.,"Farms: 485 Kairakau Road and 2021 Elsthorpe Road, Elsthorpe, Central Hawkes Bay",,Central Hawkes Bay,,,,,,,,,"BEEF: Beef, SHEEP: Lamb & Wool",organic,AsureQuality Organic,Producer,,https://www.asurequality.com,
96,Strathmore Farms,Farm,Organic certified operator,Certified-organic producer in Whakatane.,"308 Gow Road, RD 3, Whakatane",,Whakatane,,,,,,,,,"DAIRY: Raw Milk, Live Cattle; BEEF: Live Cattle, NOP Animals for Meat; FEED: Pasture Based Supplement Feed (Hay and Baleage)",organic,AsureQuality Organic,Producer,,https://www.asurequality.com,
97,Surrey Fields Trust,Farm,Organic certified operator,Certified-organic producer in Mangakino.,"Dairy: 1613 State Highway 32,  Mangakino",,Mangakino,,,,,,,,,"DAIRY: Raw Milk, Live Cattle; BEEF: Live Cattle, NOP Animals for Meat; SHEEP: Sheep, Lambs, Wool; FEED: Pasture Based Supplement Feed (Hay, Baleage, Silage)",organic,AsureQuality Organic,Producer,,https://www.asurequality.com,
98,Surrey Fields Trust - Edgecumbe,Farm,Organic certified operator,Certified-organic producer in Edgecumbe.,"172 Edgecumbe Soldiers Rd; 191 Withy Rd, Edgecumbe, Waikato",,Edgecumbe,Waikato,,,,,,,,"DAIRY: Raw Milk, Live Cattle; BEEF: Live Cattle, NOP Animals for Meat; FEED: Pasture Based Supplement Feed (Hay & Baleage)",organic,AsureQuality Organic,Producer,,https://www.asurequality.com,
99,Table Top Station,Farm,Organic certified operator,Certified-organic producer in Kurow 9498.,"430 Table Top Road, RD1, Hakataramea Valley, Kurow 9498",,Kurow 9498,,,,,,,,,"FEED: Pasture, Pasture based supplement feed (Baleage, Hay and Silage)",organic,AsureQuality Organic,Producer,,https://www.asurequality.com,
100,Tataiwhetu Farms,Farm,Organic certified operator,Certified-organic producer in Whakatane.,"359 Ruatoki Valley Road, 7 Awahou Rd, 449 Paekoa Rd, 189 Kawekawe Rd, Ngahina Road (29 Hectares B41 & B55B) Ruatoki, Whakatane; Tuinoa, 241 Reids Road, Whakatane",,Whakatane,,,,,,,,,"DAIRY: Raw Milk, Live Cattle; FEED: Pasture Based Supplement Feed (Hay & Baleage)",organic,AsureQuality Organic,Producer,,https://www.asurequality.com,
101,Tavendale Farming,Farm,Organic certified operator,Certified-organic producer in Ashburton.,"Office: 689 Methven Highway, RD6, Winchmore, Ashburton",,Ashburton,,,,,,,,,"FRUIT: Blackcurrants, Redcurrants",organic,AsureQuality Organic,Producer,,https://www.asurequality.com,
102,Te Pare Farm,Farm,Organic certified operator,Certified-organic producer in Featherston.,"3 Whareroto Road, 1403 Kahutara Road, 1766 Kahutara Road,  Featherston",,Featherston,,,,,,,,,"DAIRY: Raw Milk, Live Cattle; BEEF: Live Cattle; FEED: Pasture Based Supplement Feed (Hay, Baleage & Silage)",organic,AsureQuality Organic,Producer,,https://www.asurequality.com,
103,Te Taunga,Farm,Organic certified operator,Certified-organic producer in South Otago.,"41 New Haven Rd, RD1, Owaka, South Otago",,South Otago,,,,,,,,,"BEEF: Cattle ; SHEEP: Sheep, Lambs, Wool ; FEED: Pasture Based Supplement Feed (Hay & Baleage)",organic,AsureQuality Organic,Producer,,https://www.asurequality.com,
104,Terra Sancta,Farm,Organic certified operator,Certified-organic producer in Bannockburn: Sancta Vineyard.,"306 Felton Road, Bannockburn: Sancta Vineyard",,Bannockburn: Sancta Vineyard,,,,,,,,,"CROP: Grapes for Wine Production - Gamay Noir, Gewurztraminer, Lagrein , Pinot Grigio, Pinot Noir, Rielsling",organic,AsureQuality Organic,Producer,,https://www.asurequality.com,
105,Thian Agri,Farm,Organic certified operator,Certified-organic producer in Southbridge                   Production: 66 Broad Street Southbridge.,"Office: 66 Broad Street, Southbridge                   Production: 66 Broad Street Southbridge",,Southbridge                   Production: 66 Broad Street Southbridge,,,,,,,,,"VEGETABLES: Asparagus, Brassicas including Brussel Sprouts, Cabbage, Cauliflower, Kale, Pak-Choi; Celery, Carrots, Courgettes, Cucumber, Garlic, Green Beans, Ku",organic,AsureQuality Organic,Producer,,https://www.asurequality.com,
106,Three Oaks Farm,Farm,Organic certified operator,Certified-organic producer in Palmerston North.,"141, 201, 331, 355 Aranui Road and 555 Gillespies Line, Palmerston North",,Palmerston North,,,,,,,,,"DAIRY: Raw Milk, Live Cattle; BEEF: Live Cattle, NOP Animals for Meat; FEED: Pasture Based Supplement Feed (Hay & Silage)",organic,AsureQuality Organic,Producer,,https://www.asurequality.com,
107,Ti Kouka Farm,Farm,Organic certified operator,Certified-organic producer in Ngatimoti/Pangatotara.,"747 Motueka Valley Highway, Ngatimoti/Pangatotara",,Ngatimoti/Pangatotara,,,,,,,,,FRUIT: Pears; FEED: Pasture,organic,AsureQuality Organic,Producer,,https://www.asurequality.com,
108,Tory Channel Kelp Products,Farm,Organic certified operator,Certified-organic producer in Blenheim.,"Processing Depot: 29 Rene Street, Springlands, Blenheim",,Blenheim,,,,,,,,,"SEAWEED: Bladder Kelp (Macrcystis pyrifera), Japanese Kelp (Undaria pinnatifida)",organic,AsureQuality Organic,Producer,,https://www.asurequality.com,
109,Totara Creek Farm,Farm,Organic certified operator,Certified-organic producer in Whangarei.,"237 Waikiekie North Road & 1260 Paparoa Oakleigh Road, Whangarei",,Whangarei,,,,,,,,,"DAIRY: Raw Milk, Live Cattle; BEEF: Live Cattle, NOP Animals for Meat; FEED: Pasture Based Supplement Feed (Hay, Baleage and Maize)",organic,AsureQuality Organic,Producer,,https://www.asurequality.com,
110,Tussock Hill Vineyard,Farm,Organic certified operator,Certified-organic producer in Waipara.,"Vineyards: 210 Huntsbury Avenue, Hillsborough, Christchurch; 232 Omihi Road, Waipara, Canterbury",,Waipara,Canterbury,,,,,,,,"WINE GRAPES: Chardonnay, Pinot Gris, Pinot Noir, Reisling, Sauvignon Blanc, Syrah",organic,AsureQuality Organic,Producer,,https://www.asurequality.com,
111,Wai Shing,Farm,Organic certified operator,Certified-organic producer in Pukekohe.,"194 Patumahoe Road and Sedgebrook Road, Pukekohe",,Pukekohe,,,,,,,,,"VEGETABLES: Squash, Broccoli, Silverbeet; FEED: Hay & Baleage",organic,AsureQuality Organic,Producer,,https://www.asurequality.com,
112,WD & SJ Cullen,Farm,Organic certified operator,Certified-organic producer in 0587.,"681 Mountain Road, RD12, Maungaturoto, 0587",,0587,,,,,,,,,"DAIRY: Raw Milk, Live Cattle; BEEF: Live Cattle, NOP Animals for Meat; FEED: Pasture Based Supplement Feed Based (Hay & Baleage)",organic,AsureQuality Organic,Producer,,https://www.asurequality.com,
113,Whitfield Organics,Farm,Organic certified operator,Certified-organic producer in Parire Road block.,115 Mill Road block; Lawn Road blocks(5); Parire Road block,,Parire Road block,,,,,,,,,"VEGETABLES: Potatoes, Squash, Pumpkin (Butternut and Crown), Peas, and Carrot ; GRAIN: Maize, and Popcorn; FEED: Pasture based supplement feed, Lucerne, Hay and",organic,AsureQuality Organic,Producer,,https://www.asurequality.com,
114,Whitinga Farms,Farm,Organic certified operator,Certified-organic producer in Waitakaruru.,"505 Back Miranda Road & 190 SH25, Waitakaruru",,Waitakaruru,,,,,,,,,"DAIRY: Raw Milk, Live Cattle; BEEF: Live Cattle; FEED: Pasture Based Supplement Feed (Hay and Balage)",organic,AsureQuality Organic,Producer,,https://www.asurequality.com,
115,Wildwood Ranch,Farm,Organic certified operator,Certified-organic producer in Waihi.,"1157 Waihi Whangamata Road, Waihi",,Waihi,,,,,,,,,"BEEF: Live Cattle, NOP Animals for Meat; GRAZING: Dairy Heifer ; FEED: Pasture Based Supplement Feed (Hay & Baleage)",organic,AsureQuality Organic,Producer,,https://www.asurequality.com,
116,Wrights Vineyard and Winery,Farm,Organic certified operator,Certified-organic producer in Vineyard 161 Ormond Valley Road.,"Vineyard and Winery: 1093 Wharerata Road, Manutuki, Gisborne;  Vineyard: 232 Ormond Valley Road, Gisborne; Vineyard 161 Ormond Valley Road, Gisborne",,Vineyard 161 Ormond Valley Road,Gisborne,,,,,,,,"WINE GRAPES: Syrah, Sauvignon Blanc, Pinot Noir, Chardonnay, Pinot Gris, Zinfandel, Pinot Muenier, Semillon",organic,AsureQuality Organic,Producer,,https://www.asurequality.com,
117,A2 Nutritionals NZ,Vendor,Organic certified operator,Certified-organic producer in Pokeno.,"66 McDonald Road, Pokeno",,Pokeno,,,,,,,,,"Organic Nutritionals Base Powder stage 1, stage 2, stage 3, stage 4, and stage 5 & Infant Formula Powder. ; Contract Processing: Organic nutritional spray dried",organic,AsureQuality Organic,Producer,,https://www.asurequality.com,
118,Absolute Essential,Vendor,Organic certified operator,Certified-organic producer in Muriwai Beach.,"250 Oaia Road, Muriwai Beach, Auckland",,Muriwai Beach,Auckland,,,,,,,,Natural Health Care Products,organic,AsureQuality Organic,Producer,,https://www.asurequality.com,
119,Adamson's Apiary,Vendor,Organic certified operator,Certified-organic producer in Alexandra.,"151 McPherson Road, RD 1, Alexandra",,Alexandra,,,,,,,,,"BEE PRODUCTS: Thyme Honey, Thyme Honey with Polyflora, Clover Honey, Manuka Honey, Kamahi Honey, Multifloral Honey, Beeswax, Pollen, Propolis",organic,AsureQuality Organic,Producer,,https://www.asurequality.com,
120,Align Foods,Vendor,Organic certified operator,Certified-organic producer in Leeston.,"368 Kings Road, Leeston, New Zealand",,Leeston,,,,,,,,,Industrial Packs: Organic Thick & Creamy Yoghurt,organic,AsureQuality Organic,Producer,,https://www.asurequality.com,
121,Alpha Laboratories NZ,Vendor,Organic certified operator,Certified-organic producer in East Tamaki.,"48 Crooks Road; 46C & 46E Cryers Road, East Tamaki, Auckland",,East Tamaki,Auckland,,,,,,,,"Contract Processor: DAIRY: Formulated Milk Powder, Milk Powder",organic,AsureQuality Organic,Producer,,https://www.asurequality.com,
122,Australia & New Zealand Distillery,Vendor,Organic certified operator,Certified-organic producer in Temuka.,"73 Vine Street, Temuka, Canterbury",,Temuka,Canterbury,,,,,,,,TasteMaker. VINEGAR: Apple Cider Vinegar; Harvest Road. VINEGAR: Apple Cider Vinegar 10 litre and 1000 litre.,organic,AsureQuality Organic,Producer,,https://www.asurequality.com,
123,BeeNZ,Vendor,Organic certified operator,Certified-organic producer in Tauranga.,"85 Tetley Road, Katikati, Tauranga",,Tauranga,,,,,,,,,BEE PRODUCTS: Liquid and Creamed Honey (Bulk and Retail Packed) ; Contract Processor: BEE PRODUCTS: Liquid and Creamed Honey (Bulk and Retail Packed),organic,AsureQuality Organic,Producer,,https://www.asurequality.com,
124,BioBalance,Vendor,Organic certified operator,Certified-organic producer in Collingwood.,"30 Orion Street, Collingwood, Nelson",,Collingwood,Nelson,,,,,,,,"HEALTH PRODUCTS: Argan Oil, Cacao Powder, Hemp Seed Oil Capsules, Japanese Matcha Powder, Maca Powder, Maca Powder Capsules, Moringa Powder, Slippery Elm Bark P",organic,AsureQuality Organic,Producer,,https://www.asurequality.com,
125,Biofarm Products,Vendor,Organic certified operator,Certified-organic producer in Palmerston North.,"118 Te Matai Road, Palmerston North",,Palmerston North,,,,,,,,,"Eco-farm. DAIRY: Whole Milk, Berry Smoothie & Yoghurt Smoothie; ; Biofarm. DAIRY: Bush honey yoghurt, Thick ‘n creamy yoghurt, Low fat yoghurt, Acidophilus yogh",organic,AsureQuality Organic,Producer,,https://www.asurequality.com,
126,Bostock Brothers,Vendor,Organic certified operator,Certified-organic producer in Hastings.,"30B James Rochfort Place; & 3 Kirkwood Road  (Office), Hastings, New Zealand",,Hastings,,,,,,,,,"POULTRY PRODUCTS: Whole organic chickens – chilled or frozen S12, S14, S16, S18 & S20; Organic Chicken Cuts: Chicken breast (Supreme, skin on, skinless, thick)",organic,AsureQuality Organic,Producer,,https://www.asurequality.com,
127,Canary Enterprises,Vendor,Organic certified operator,Certified-organic producer in Hamilton.,"33 Kaimiro Street, Te Rapa, Hamilton",,Hamilton,,,,,,,,,Unsalted Butter ; Contract Processor,organic,AsureQuality Organic,Producer,,https://www.asurequality.com,
128,Cates Grain and Seed,Vendor,Organic certified operator,Certified-organic producer in Rakaia.,"2 Kemode Street, Ashburton, New Zealand; Storage only (bagged product) - Cates Grain and Seed 82 South Town Belt, Rakaia",,Rakaia,,,,,,,,,"Grain, Seed and Peas",organic,AsureQuality Organic,Producer,,https://www.asurequality.com,
129,CDHJ,Vendor,Organic certified operator,Certified-organic producer in Mosgiel.,"8 Glenleigh Place, Mosgiel",,Mosgiel,,,,,,,,,Honey - Bulk Drums & Retail Packs,organic,AsureQuality Organic,Producer,,https://www.asurequality.com,
130,Chantal Organics,Vendor,Organic certified operator,Certified-organic producer in Napier.,"93 Austin St, Onekawa, Napier",,Napier,,,,,,,,,"BAKING INGREDIENTS: Coconut, Arrowroot;; BEANS & PULSES: Adzuki, Black Turtle, Chickpeas, Mung, Pinto, Red Kidney, Lentil (whole & split); BEVERAGES: Maple wate",organic,AsureQuality Organic,Producer,,https://www.asurequality.com,
131,Dahuti International,Vendor,Organic certified operator,Certified-organic producer in Havelock North.,"14 Donnelly Street, Havelock North",,Havelock North,,,,,,,,,"FEED: Organic Distillers Dried Grain with Solubles (DDG); Soybean meal, Soybean oil, 100% Maize meal pellet",organic,AsureQuality Organic,Producer,,https://www.asurequality.com,
132,Danone Nutricia NZ,Vendor,Organic certified operator,Certified-organic producer in Balclutha.,"Corner, Clutha Valley Road and Craig Road, Clydevale, Balclutha",,Balclutha,,,,,,,,,"DAIRY: Whole Milk Powder, IFFO.BASE.116 & YCF.BASE.316",organic,AsureQuality Organic,Producer,,https://www.asurequality.com,
133,DGF Group,Vendor,Organic certified operator,Certified-organic producer in Palmerston North.,"384 Gillespies Line, Palmerston North",,Palmerston North,,,,,,,,,Contract Processor: Grains - Crushing of Grain for Stockfeed,organic,AsureQuality Organic,Producer,,https://www.asurequality.com,
134,Evolutionary Health.Org,Vendor,Organic certified operator,Certified-organic producer in New Plymouth.,"6B Price Street, New Plymouth",,New Plymouth,,,,,,,,,Spirulina Powder and Spirulina Tablets,organic,AsureQuality Organic,Producer,,https://www.asurequality.com,
135,Ffowcs Williams,Vendor,Organic certified operator,Certified-organic producer in Morningside.,"9 Taylors Road, Morningside, Auckland",,Morningside,Auckland,,,,,,,,"Orchard Gold Organics Raspberries Whole and Pieces 450g (Frozen), Orchard Gold Organics Blueberries 500g (Frozen), Orchard Gold Organics Mixed Berries 500g (Fro",organic,AsureQuality Organic,Producer,,https://www.asurequality.com,
136,Field Fresh Ltd Trading as Kerrindale & Claridges Botanicals,Vendor,Organic certified operator,Certified-organic producer in Rangiora.,"22 Coldstream Road, Rangiora",,Rangiora,,,,,,,,,"TEAS, HERBS, SPICES: Agrimony, Alfalfa, Allspice, Angelica, Anise Star Pods, Aniseed, Aoe Vera, Arinca, Arnica, Artichoke Leaf, Ashwaganda, Astragalus, Back Car",organic,AsureQuality Organic,Producer,,https://www.asurequality.com,
137,Fillpak,Vendor,Organic certified operator,Certified-organic producer in Henderson.,"72 The Concourse, Henderson, Auckland",,Henderson,Auckland,,,,,,,,"Contract Processing: Blending, Packing, Repacking of Certified Organic Powders, Nuts, Seeds, and ; Other Formulation Products",organic,AsureQuality Organic,Producer,,https://www.asurequality.com,
138,Fonterra  Ltd – Milk Handling,Vendor,Organic certified operator,Certified-organic producer in Hamilton.,"Farm Source, 17 Home Straight, Te Rapa, Hamilton",,Hamilton,,,,,,,,,Transport - DAIRY: Liquid Raw Milk & Cream,organic,AsureQuality Organic,Producer,,https://www.asurequality.com,
139,Fonterra Brands (NZ) Ltd - The Shed,Vendor,Organic certified operator,Certified-organic producer in Mangere & 109 Fanshawe Street.,"22 Timberly Road, Auckland Business Park, Mangere & 109 Fanshawe Street, Auckland",,Mangere & 109 Fanshawe Street,Auckland,,,,,,,,Salted Butter,organic,AsureQuality Organic,Producer,,https://www.asurequality.com,
140,Fonterra Ltd – Hautapu,Vendor,Organic certified operator,Certified-organic producer in Hautapu.,"Hautapu Factory (Site No#1239), Victoria Road, Hautapu",,Hautapu,,,,,,,,,"DAIRY: (WPC) Whey Protein Concentrate (115210, 116023, 122392)",organic,AsureQuality Organic,Producer,,https://www.asurequality.com,
141,Fonterra Ltd -  Crawford St Cool & Dry Stores,Vendor,Organic certified operator,Certified-organic producer in Hamilton.,"(S1987 Dry Store) 110 Crawford St, Te Rapa, Hamilton, Waikato",,Hamilton,Waikato,,,,,,,,Powders: Lactose.,organic,AsureQuality Organic,Producer,,https://www.asurequality.com,
142,Fonterra Ltd -  Eltham Collingwood Cool Store,Vendor,Organic certified operator,Certified-organic producer in Eltham.,"(S6286 Cool Store) 14 Collingwood Street, Eltham, Taranaki",,Eltham,Taranaki,,,,,,,,cheese,organic,AsureQuality Organic,Producer,,https://www.asurequality.com,
143,Fonterra Ltd -  Hautapu Cool & Dry Stores,Vendor,Organic certified operator,Certified-organic producer in Hautapu.,"(S1286 Cool Store & S1287 Dry Store) Victoria Road, Hautapu, Waikato",,Hautapu,Waikato,,,,,,,,"Powders: Milk, Protein.; Cheese",organic,AsureQuality Organic,Producer,,https://www.asurequality.com,
144,Fonterra Ltd -  Morrinsville Cool & Dry Stores,Vendor,Organic certified operator,Certified-organic producer in Morrinsville.,"(S3386 Cool Store & S3387 Dry Store) Allen Street, Morrinsville, Waikato",,Morrinsville,Waikato,,,,,,,,Powders: Milk.; Butter,organic,AsureQuality Organic,Producer,,https://www.asurequality.com,
145,Fonterra Ltd -  Tauranga Port Store,Vendor,Organic certified operator,Certified-organic producer in Tauranga.,"(S6687 Dry Store) Sulphur Point, Port of Tauranga, Tauranga",,Tauranga,,,,,,,,,"Powders: Milk, Protein.; Anhydrous Milk Fat",organic,AsureQuality Organic,Producer,,https://www.asurequality.com,
146,"Fonterra Ltd - Waitoa UHT, Cool & Dry Stores",Vendor,Organic certified operator,Certified-organic producer in Waitoa.,"(S7386 Cool Store, S7387 Dry Store & S7388 UHT Store) Corner No.1 Road and State Highway 26, Waitoa, Waikato",,Waitoa,Waikato,,,,,,,,UHT Milk.,organic,AsureQuality Organic,Producer,,https://www.asurequality.com,
147,Fonterra Ltd - Eltham,Vendor,Organic certified operator,Certified-organic producer in Eltham.,"Collingwood Street, Eltham",,Eltham,,,,,,,,,DAIRY: Repacking Organic cheese 500gm (108553),organic,AsureQuality Organic,Producer,,https://www.asurequality.com,
148,Fonterra Ltd – Morrinsville,Vendor,Organic certified operator,Certified-organic producer in Morrinsville.,"Morrinsville Factory (Site No#3375), Allen Street, Morrinsville",,Morrinsville,,,,,,,,,"DAIRY: Whole Milk Powder (119234, 123681, 123784)",organic,AsureQuality Organic,Producer,,https://www.asurequality.com,
149,Fonterra Ltd - NZ Distribution Centre Head Office,Vendor,Organic certified operator,Certified-organic producer in Auckland City.,"109 Fanshawe Street, Auckland City",,Auckland City,,,,,,,,,Dairy products as per schedules 51-57,organic,AsureQuality Organic,Producer,,https://www.asurequality.com,
150,Fonterra Waitoa UHT,Vendor,Organic certified operator,Certified-organic producer in Waitoa.,"Waitoa Factory (Site No#7337), Corner No 1 Road & SH 26, Waitoa",,Waitoa,,,,,,,,,"Anchor UHT Whole Organic Pure Milk (122820), ; Anchor UHT Skim Organic Pure Milk (122197), Anchor UHT Low Fat Organic Pure Milk (122819)",organic,AsureQuality Organic,Producer,,https://www.asurequality.com,
151,Food Link International,Vendor,Organic certified operator,Certified-organic producer in Thames.,"28a Puriri Valley Road,  Thames, New Zealand",,Thames,,,,,,,,,"DRIED HERBS: Alfalfa Leaf, Barley Leaf, Chamomile, Echinacea Leaf & Root, Lavender, Lemon balm, Manuka Flower & Leaf, Nettle, Oat Leaf, Plantago, Spearmint, Whe",organic,AsureQuality Organic,Producer,,https://www.asurequality.com,
152,FoodFlo International,Vendor,Organic certified operator,Certified-organic producer in Pahiatua.,"150 Main Street, Pahiatua",,Pahiatua,,,,,,,,,"CONFECTIONERY: 3614 Honeycomb pieces Cacoa Butter coated, 3366 Salted Caramel Brittle, & 3370 Salted Caramel Brittle dust.",organic,AsureQuality Organic,Producer,,https://www.asurequality.com,
153,FSL Foods,Vendor,Organic certified operator,Certified-organic producer in Annesbrook.,"93 Bolt Road, Annesbrook, Nelson",,Annesbrook,Nelson,,,,,,,,"Bulk or Repacked Frozen Blackberry, Strawberry, Blueberry, Mango and Raspberry, Frozen Vegetables: Peas, Corn, Beans, Broccoli, Cauliflower, Carrots, Spinach an",organic,AsureQuality Organic,Producer,,https://www.asurequality.com,
154,Gavins,Vendor,Organic certified operator,Certified-organic producer in Gordonton.,"319 Ballard Road, Gordonton,",,Gordonton,,,,,,,,,"Barley, Popcorn, Peas, Wheat & Maize",organic,AsureQuality Organic,Producer,,https://www.asurequality.com,
155,Goodman Fielder NZ,Vendor,Organic certified operator,Certified-organic producer in Palmerston North.,"15 Reserve Road, Longburn, Palmerston North",,Palmerston North,,,,,,,,,"DAIRY PRODUCTS: Naturalea Organic Whole Milk, Puhoi Valley Organic Whole Milk Non-Homogenised, Meadow Fresh Organic Milk Homogenised, Puhoi Valley Organic Lite",organic,AsureQuality Organic,Producer,,https://www.asurequality.com,
156,Green Valley Dairies,Vendor,Organic certified operator,Certified-organic producer in Takanini.,"Factory: 206 Bell Road, Mangatawhiri, RD1, Pokeno; Storage and Distribution: 4-6 Tironui Station Road West, Takanini, Auckland;",,Takanini,Auckland,,,,,,,,"DAIRY PRODUCTS: Milk (Full fat, Std fat, Light fat, Semi skimmed, & Fully skimmed with added calcium; Unhomogenised and Homogenised Whole Milk); Half & Half (mi",organic,AsureQuality Organic,Producer,,https://www.asurequality.com,
157,Healy Organics,Vendor,Organic certified operator,Certified-organic producer in New Plymouth.,"86 Karamea Street, Whalers Gate, New Plymouth",,New Plymouth,,,,,,,,,"HEALTH PRODUCTS UNDER EVERKIND BRAND:; Deodorant Sticks: Wildwoods, Refresh, Ultra,; Deodorant Jars: Refresh, Ultra, Fragrance-Free ; Baby Balm: New Baby, Botty",organic,AsureQuality Organic,Producer,,https://www.asurequality.com,
158,Hilton Haulage,Vendor,Organic certified operator,Certified-organic producer in Dunedin.,"17 Duke Street, Sawyers Bay, Dunedin",,Dunedin,,,,,,,,,DAIRY:Organic Lactose and Finished Milk Powders,organic,AsureQuality Organic,Producer,,https://www.asurequality.com,
159,Jacobs Douwe Egberts New Zealand,Vendor,Organic certified operator,Certified-organic producer in East Tamaki.,"305 East Tamaki Road, East Tamaki, Auckland, New Zealand",,East Tamaki,Auckland,,,,,,,,"ROASTED COFFEE: Roasted organic coffee beans, Wild Bean Single Origin Colombian Coffee Beans, Wild Bean Signature Coffee Beans and Wild Bean Decaf Espresso Grin",organic,AsureQuality Organic,Producer,,https://www.asurequality.com,
160,Karajoz Coffee Co,Vendor,Organic certified operator,Certified-organic producer in Eden Terrace.,"3 Virginia Ave East and 16 Minnie Street, Eden Terrace, Auckland",,Eden Terrace,Auckland,,,,,,,,"ROASTED COFFEE: Karajoz, Organico, No 8, Kauri Blend, Mocha Java",organic,AsureQuality Organic,Producer,,https://www.asurequality.com,
161,Kerikeri Organic Tea,Vendor,Organic certified operator,Certified-organic producer in KeriKeri.,"82 Mangakaretu Rd, RD 2, KeriKeri",,KeriKeri,,,,,,,,,"BLACK AND GREEN TEA: All Day Cuppa, Jasmine Green, Bay Of Islands Breakfast, Green Darjeeling, Assam, New Zealand Chai, Royal Earl Green, Royal Earl Grey, Black",organic,AsureQuality Organic,Producer,,https://www.asurequality.com,
162,Keytone Enterprises (NZ) Co,Vendor,Organic certified operator,Certified-organic producer in 17 Hynds Drive Rolleston.,17 Hynds Drive Rolleston,,17 Hynds Drive Rolleston,,,,,,,,,"Instant Whole Milk Powder, Whole Milk Powder",organic,AsureQuality Organic,Producer,,https://www.asurequality.com,
163,Kiwifruit Processing Company (2021),Vendor,Organic certified operator,Certified-organic producer in Tauranga.,"37a, 48 Newnham Road, Te Puna, Tauranga;",,Tauranga,,,,,,,,,Frozen Organic (Green/Gold) Kiwifruit Puree Single Strength (Seed out),organic,AsureQuality Organic,Producer,,https://www.asurequality.com,
164,Lammermoor Distillery,Vendor,Organic certified operator,Certified-organic producer in Paerau Ranfurly 9398.,"1321 Upper Taieri Road, Serpentine, Paerau Ranfurly 9398",,Paerau Ranfurly 9398,,,,,,,,,WHISKY: Distillation of Organic Whisky,organic,AsureQuality Organic,Producer,,https://www.asurequality.com,
165,Langdon Coffee Merchants,Vendor,Organic certified operator,Certified-organic producer in Mt Wellington.,"11 Rakino Way, Mt Wellington, Auckland",,Mt Wellington,Auckland,,,,,,,,Organic Green Coffee Beans,organic,AsureQuality Organic,Producer,,https://www.asurequality.com,
166,Lewis Road Creamery,Vendor,Organic certified operator,Certified-organic producer in Auckland City 1010.,"15 Galway Street, Level 3, Hayman Kronfeld Building, Auckland City 1010, New Zealand",,Auckland City 1010,,,,,,,,,"DAIRY PRODUCTS: Non Homogenised Milk, Homogenised Milk, Bulk Bladder, Light Milk, Single Cream",organic,AsureQuality Organic,Producer,,https://www.asurequality.com,
167,Lifestream International,Vendor,Organic certified operator,Certified-organic producer in Northcote.,"24 Kawana Street, Northcote, Auckland",,Northcote,Auckland,,,,,,,,Wheat Grass Powder; Barley; and Wheat Grass Powder,organic,AsureQuality Organic,Producer,,https://www.asurequality.com,
168,Matakana Health,Vendor,Organic certified operator,Certified-organic producer in Matakana.,"108 Omaha Flats Road, Matakana",,Matakana,,,,,,,,,"POWDERS: Acai berry, Acai bowl, Amaranth; Ashwagandha; Banana; Blackcurrant; Brocolli; Blueberry; Brown Rice Protein; Camu camu extract; Carrot Juice, Ceylon ci",organic,AsureQuality Organic,Producer,,https://www.asurequality.com,
169,Mataura Valley Milk,Vendor,Organic certified operator,Certified-organic producer in Gore.,"19 Pease Street, East Gore, Gore",,Gore,,,,,,,,,DAIRY: Instant Whole Milk Powder; Whole Milk Powder 25kg; Skim Milk Powder 25kg,organic,AsureQuality Organic,Producer,,https://www.asurequality.com,
170,McCallum Industries,Vendor,Organic certified operator,Certified-organic producer in Henderson.,"21 - 27 Mihini Road, Henderson, Auckland",,Henderson,Auckland,,,,,,,,Baby & Infant Food,organic,AsureQuality Organic,Producer,,https://www.asurequality.com,
171,Midlands Nutrition,Vendor,Organic certified operator,Certified-organic producer in Christchurch.         Sublicensee - Freight Forwarder:.,"165 Walnut Avenue, Ashburton;  Sublicensee - Storage: CoolPak Coolstores Ltd, 111 Detroit Drive, Izone, Rolleston, Christchurch.         Sublicensee - Freight Forwarder:",,Christchurch.         Sublicensee - Freight Forwarder:,,,,,,,,,"Avocado Oil, Borage Oil, Barley Grass Powder, Evening Primrose Oil, Flax Seed Oil, Flax Seed Fibre (flour), Flax Seed Meal (flake), Flax Seed Meal (pellets), Gr",organic,AsureQuality Organic,Producer,,https://www.asurequality.com,
172,Midlands Seed,Vendor,Organic certified operator,Certified-organic producer in Ashburton.,"393-405 West Street, Ashburton",,Ashburton,,,,,,,,,"Grains & Seed: Buckwheat, Carrot, Hemp, Hemp Hulled, Hemp Flour, Hemp Protein, Hemp Fibre, Brown Linseed, Golden Linseed, Ground Linseed, Flax Seed Fibre (Flour",organic,AsureQuality Organic,Producer,,https://www.asurequality.com,
173,New Zealand Dairy Collaborative,Vendor,Organic certified operator,Certified-organic producer in Ashburton.,"9 Ashford Avenue, Ashburton",,Ashburton,,,,,,,,,Contract Processing: Canned and Bagged (including Sachets) Nutritional Dairy Powders,organic,AsureQuality Organic,Producer,,https://www.asurequality.com,
174,New Zealand Global Ventures,Vendor,Organic certified operator,Certified-organic producer in Rosedale.,"8D Piermark Drive, Rosedale, Auckland",,Rosedale,Auckland,,,,,,,,"BEE PRODUCTS: Manuka Honey, Kanuka Honey, Clover Honey, Thyme Honey, Honey Dew and Beeswax",organic,AsureQuality Organic,Producer,,https://www.asurequality.com,
175,New Zealand Health Manufacturing,Vendor,Organic certified operator,Certified-organic producer in Mangere.,"7 Pavillion Drive, Airpark II, Business Centre, Mangere, Auckland",,Mangere,Auckland,,,,,,,,"Contract Processor: Health products, Dietary Supplements & Nutraceuticals",organic,AsureQuality Organic,Producer,,https://www.asurequality.com,
176,New Zealand Honey Farms,Vendor,Organic certified operator,Certified-organic producer in Christchurch.,"235 Buchanans Road, Christchurch",,Christchurch,,,,,,,,,"Contract Processing: Organic Liquid & Creamed Honey (Drums, 25kg Pails and Retail Pack)",organic,AsureQuality Organic,Producer,,https://www.asurequality.com,
177,New Zealand Native Honey Products,Vendor,Organic certified operator,Certified-organic producer in Christchurch.,"296 Piha Road, Piha, Auckland; Subcontracted Freight Forwarder: GVI  Logistics Ltd, 3 Ivan Jamieson Place, Christchurch",,Christchurch,,,,,,,,,BEE PRODUCTS: ; Bulk and Packed; Manuka Honey (Bulk in Drums); ; Thyme Honey (Bulk in Drums);; RaKiwi Manuka Honey UMF 5+ (MGO 100+); RaKiwi Manuka Honey UMF 6+,organic,AsureQuality Organic,Producer,,https://www.asurequality.com,
178,New Zealand Organic Meats (NZOM),Vendor,Organic certified operator,Certified-organic producer in Tapanui.,"869 Hukarere Station Road, Wilden, Tapanui",,Tapanui,,,,,,,,,Organic Bovine and Ovine Meat,organic,AsureQuality Organic,Producer,,https://www.asurequality.com,
179,Niue Honey NZ,Vendor,Organic certified operator,Certified-organic producer in Auckland 0932.,"24a Totara Road, Stanmore Bay, Auckland 0932",,Auckland 0932,,,,,,,,,BEE PRODUCTS: Honey,organic,AsureQuality Organic,Producer,,https://www.asurequality.com,
180,NZ Beeswax,Vendor,Organic certified operator,Certified-organic producer in South Canterbury.,"44 Gladstone St South, Orari, South Canterbury",,South Canterbury,,,,,,,,,"Crude Besswax, Beeswax Pellets, Beeswax Comb Foundation",organic,AsureQuality Organic,Producer,,https://www.asurequality.com,
181,NZ Honey Group,Vendor,Organic certified operator,Certified-organic producer in Great South Road.,"1030 Manchester Street, Woolrich, Hastings; 1159 Maraekakaho Road, Hastings; Storage and Distribution of Retail Packed Honey - Happy Valley Honey, Great South Road, Auckland",,Great South Road,Auckland,,,,,,,,"Bee Products: Manuka Honey, Beeswax, Pollen & Propolis",organic,AsureQuality Organic,Producer,,https://www.asurequality.com,
182,NZ Sustainable Farming Ltd (Durham Farms),Vendor,Organic certified operator,Certified-organic producer in Waipu.,"30-128 Durham Road, Waipu",,Waipu,,,,,,,,,POULTRY: Wholesale/Retail of eggs,organic,AsureQuality Organic,Producer,,https://www.asurequality.com,
183,Open Country Dairy Ltd - Awarua,Vendor,Organic certified operator,Certified-organic producer in Auckland 2013.,"8 Business Parade, South Highbrook, East Tamaki, Auckland 2013",,Auckland 2013,,,,,,,,,"DAIRY PRODUCTS: AwaRua Brand:; AwaRua Organic Omni Care Powder, AwaRua Smart Growth Powder, ; Awarua Organic Full Cream Milk Powder ; Awarua Organic Skim Milk P",organic,AsureQuality Organic,Producer,,https://www.asurequality.com,
184,O Plus,Vendor,Organic certified operator,Certified-organic producer in 1071.,"9A John Glenn Avenue, Rosedale, Auckland, 1071",,1071,,,,,,,,,BEE PRODUCTS: Manuka Honey,organic,AsureQuality Organic,Producer,,https://www.asurequality.com,
185,Oravida NZ,Vendor,Organic certified operator,Certified-organic producer in 139 Quay Street Auckland.,"Level 3, 139 Quay Street Auckland",,139 Quay Street Auckland,,,,,,,,,DAIRY PRODUCTS: Whole Milk,organic,AsureQuality Organic,Producer,,https://www.asurequality.com,
186,PharmaNZ,Vendor,Organic certified operator,Certified-organic producer in Hamilton.,"2-18 Lincoln Street, Frankton, Hamilton",,Hamilton,,,,,,,,,Contract Processor: Wheat Leaf Powder Capsules and Barley Leaf Powder Capsules (Bulk),organic,AsureQuality Organic,Producer,,https://www.asurequality.com,
187,RD2 International,Vendor,Organic certified operator,Certified-organic producer in Freemans Bay.,"3 Vernon Street, Freemans Bay, Auckland",,Freemans Bay,Auckland,,,,,,,,PROCESSED FRUIT & VEGETABLES: Blackcurrant juice; Carrot juice; Apple juice concentrate; Processed Feijoas; Processed; Kiwifruit; and Processed Peas,organic,AsureQuality Organic,Producer,,https://www.asurequality.com,
188,RD 2 International,Vendor,Organic certified operator,Certified-organic producer in Freemans Bay.,"3 Vernon Street, Freemans Bay, Auckland",,Freemans Bay,Auckland,,,,,,,,EXPORT of PROCESSED FRUIT & VEGETABLES: Blackcurrant juice; Carrot juice Concentrate; Apple juice concentrate; Orange juice concentrate; Processed Feijoas; Proc,organic,AsureQuality Organic,Producer,,https://www.asurequality.com,
189,RFE,Vendor,Organic certified operator,Certified-organic producer in Hastings.,"1454 Omahu Road, Hastings, New Zealand",,Hastings,,,,,,,,,"PROCESSED VEGETABLES: Beetroot, Broccoli, Carrots, Cauliflower, Celery, Kale, Kumara, Leeks, Mushrooms, Onion, Parsnip, Peas, Pumpkin, Silverbeet, and Sweetcorn",organic,AsureQuality Organic,Producer,,https://www.asurequality.com,
190,Riverlands Manawatu,Vendor,Organic certified operator,Certified-organic producer in Bulls.,"104 Ferry Road, Bulls",,Bulls,,,,,,,,,MEAT: Bovine (Cattle),organic,AsureQuality Organic,Producer,,https://www.asurequality.com,
191,Seven Fields Limited Trading as Liberty Market,Vendor,Organic certified operator,Certified-organic producer in Christchurch.,"Cnr Fitzgerald Ave and Moorhouse Avenue, Christchurch",,Christchurch,,,,,,,,,"Fresh & Frozen Fruit and Vegetables, Frozen Chicken, Meat, Fresh Eggs, Dairy Products, Cosmetics, Seedlings, Grains & Pulses, Rice, Extra Virgin Coconut Oil, Vi",organic,AsureQuality Organic,Producer,,https://www.asurequality.com,
192,South Island Seed Dressing & Storage Co,Vendor,Organic certified operator,Certified-organic producer in Ashburton.,"7 Smallbone Drive, Ashburton",,Ashburton,,,,,,,,,"Cleaning, Drying and Storage of Seed, Grains and Pulses",organic,AsureQuality Organic,Producer,,https://www.asurequality.com,
193,Southern Seafoods,Vendor,Organic certified operator,Certified-organic producer in Christchurch.,"24 Klondyke Drive, Hornby, Christchurch",,Christchurch,,,,,,,,,MOLLUSCS: Greenshell Mussel (Perna canaliculus),organic,AsureQuality Organic,Producer,,https://www.asurequality.com,
194,The a2 Milk Company Limited NZ,Vendor,Organic certified operator,Certified-organic producer in New Zealand 1010.,"Level 17, 51 Shortland Street, Auckland, New Zealand 1010",,New Zealand 1010,,,,,,,,,"Dairy: A2 Protein Instant Whole Milk Powder, 25kg",organic,AsureQuality Organic,Producer,,https://www.asurequality.com,
195,The Health Lab New Zealand,Vendor,Organic certified operator,Certified-organic producer in Hobsonville.,"44 Westpoint Drive, Hobsonville, Auckland",,Hobsonville,Auckland,,,,,,,,"Contract Processing: Cacao Powder, Japanese Matcha Powder, Maca Powder, Maca Powder Capsules, Spirulina Powder, Spirulina Tablets, and Slippery Elm Bark Powder",organic,AsureQuality Organic,Producer,,https://www.asurequality.com,
196,The Neat Meat Company Ltd (formerly Harmony Foods Ltd),Vendor,Organic certified operator,Certified-organic producer in Mt Wellington.,"22A Bell Ave, Mt Wellington, Auckland",,Mt Wellington,Auckland,,,,,,,,MEAT: Lamb & Beef Cuts,organic,AsureQuality Organic,Producer,,https://www.asurequality.com,
197,Trade Aid Importers,Vendor,Organic certified operator,Certified-organic producer in Christchurch..,"174 Gayhurst Road, Dallington, Christchurch.",,Christchurch.,,,,,,,,,"Green Coffee Beans, Instant Coffee, Black Loose Tea, Rooibos Loose Tea, Rooibos Tea Bags, ; Green Tea, Earl Gray Tea, Masala Chai Tea, English Breakfast Tea",organic,AsureQuality Organic,Producer,,https://www.asurequality.com,
198,Udderly Organic,Vendor,Organic certified operator,Certified-organic producer in Levin.,"218 Paiaka Road, Levin",,Levin,,,,,,,,,Pasteurised Bovine Milk: Udderly Organic Full Cream Milk ; (250 ml & 1 Litre Glass bottles; 10 Litre Stainless Steel Billies),organic,AsureQuality Organic,Producer,,https://www.asurequality.com,
199,Valhalla Partnership,Vendor,Organic certified operator,Certified-organic producer in Palmerston North.,"442 Karere Road, Longburn, Palmerston North",,Palmerston North,,,,,,,,,Contract Processor: Seed & Grain,organic,AsureQuality Organic,Producer,,https://www.asurequality.com,
200,Venerdi,Vendor,Organic certified operator,Certified-organic producer in Kelston.,"33A Cartwright Road, Kelston, Auckland",,Kelston,Auckland,,,,,,,,"702 Sixseed Organic Sourdough loaf, 722 Organic Sixseed Sourdough 6 loaves box",organic,AsureQuality Organic,Producer,,https://www.asurequality.com,
201,Wedderspoon Organic NZ,Vendor,Organic certified operator,Certified-organic producer in Rangiora.,"Wedderspoon NZ Ltd: 621  Lineside Road, Rangiora;",,Rangiora,,,,,,,,,Honey (Liquid and Creamed),organic,AsureQuality Organic,Producer,,https://www.asurequality.com,
202,Winston Nutritional,Vendor,Organic certified operator,Certified-organic producer in Mount Wellington.,"37 Banks Road, Mount Wellington, Auckland",,Mount Wellington,Auckland,,,,,,,,Nanocare Organic Kid's Care Nutritional Modified Milk Powder 800g,organic,AsureQuality Organic,Producer,,https://www.asurequality.com,
203,Wisdom International,Vendor,Organic certified operator,Certified-organic producer in 128 Broadway.,"Level 4, 128 Broadway, Auckland",,128 Broadway,Auckland,,,,,,,,DAIRY: WDOM Organic Whole Milk Powder; WDOM Organic Skim Milk Powder; FarmGlory Organic Whole Milk Powder; FarmGlory Organic Skim Milk Powder; STARCOW Organic W,organic,AsureQuality Organic,Producer,,https://www.asurequality.com,
204,Woolworths New Zealand,Vendor,Organic certified operator,Certified-organic producer in 80 Favona Rd.,"80 Favona Rd, Auckland",,80 Favona Rd,Auckland,,,,,,,,"Fruit and Vegetables, Chilled Meat",organic,AsureQuality Organic,Producer,,https://www.asurequality.com,
205,Wrights Vineyard and Winery Partnership,Vendor,Organic certified operator,Certified-organic producer in 19 Solander Street.,"Winery: 1093 Wharerata Road, Manutuki, Gisborne; Subcontractor (Bottling): Gisborne Wine Co, Solander Cellars, 19 Solander Street, Gisborne",,19 Solander Street,Gisborne,,,,,,,,"WINE: Varietal Wine: ; ; NATURAL WINE CO BRAND: Chardonnay 2021, 2022, 2023, 2024; Sauvignon Blanc 2023, 2024; Pinot Noir 2021, 2024; Pinot Rose 2022, 2023, 202",organic,AsureQuality Organic,Producer,,https://www.asurequality.com,
206,Zany Zeus NZ,Vendor,Organic certified operator,Certified-organic producer in Lower Hutt.,"43 Seaview Road, Seaview, Lower Hutt",,Lower Hutt,,,,,,,,,"DAIRY PRODUCTS: Cream Cheese, Crème Fraiche, Greek Yoghurt, Milk (Low fat milk, standard milk, cream), and Paneer Cheese",organic,AsureQuality Organic,Producer,,https://www.asurequality.com,
